SECTOR|CIE10|NUMERODECASOS
PUERTO SANTA ANA|E86 | 6
FEBRES CORDERO|N04 | 1
NOT_FOUND|S30 | 1
PUERTO SANTA ANA|J039 | 1
FEBRES CORDERO|S70 | 1
GARCIA MORENO|J042 | 3
FEBRES CORDERO|S119 | 1
XIMENA|K80 | 1
FEBRES CORDERO|S010 | 1
BRISAS DEL NORTE|N200 | 1
FEBRES CORDERO|S204 | 1
PROSPERINA|T00 | 1
XIMENA|H10 | 5
NOT_FOUND|T55 | 1
NOT_FOUND|T51 | 2
DAULE|L028 | 1
GARCIA MORENO|N771 | 1
XIMENA|N30 | 5
XIMENA|R05 | 3
LETAMENDI|E782 | 1
XIMENA|N39 | 7
MAPASINGUE|T111 | 1
NOT_FOUND|B019 | 2
LAS PEÑAS|J18 | 1
URDANETA|A689 | 3
BELLAVISTA|I441 | 1
OLMEDO|R509 | 1
SAN FELIPE|A09 | 5
FEBRES CORDERO|H103 | 1
XIMENA|S807 | 1
XIMENA|S800 | 4
XIMENA|S801 | 1
AYACUCHO|J98 | 1
BASTION POPULAR|J459 | 1
XIMENA|S809 | 1
BOLIVAR SAGRARIO|E86 | 6
XIMENA|R56 | 1
FLORIDA|S099 | 2
XIMENA|R53 | 5
XIMENA|R51 | 34
XIMENA|R50 | 10
BOLIVAR SAGRARIO|A09 | 4
XIMENA|S379 | 1
XIMENA|B349 | 1
LETAMENDI|J042 | 2
LETAMENDI|J040 | 1
SERGIO TORAL|M029 | 1
ROCAFUERTE|R041 | 1
NOT_FOUND|H660 | 4
AYACUCHO|A09 | 18
NOT_FOUND|S931 | 1
NOT_FOUND|S930 | 1
NOT_FOUND|H669 | 8
NOT_FOUND|D50 | 1
MAPASINGUE|A09 | 35
FEBRES CORDERO|H669 | 1
SERGIO TORAL|K297 | 1
PASCUALES|J20 | 8
SERGIO TORAL|J180 | 1
GARCIA MORENO|L600 | 1
CIUDAD DEL RIO|J304 | 1
NOT_FOUND|K052 | 1
NOT_FOUND|S809 | 1
XIMENA|S81 | 7
XIMENA|S80 | 4
NOT_FOUND|S800 | 3
ROCAFUERTE|J180 | 1
FEBRES CORDERO|K529 | 3
LETAMENDI|J18 | 8
BELLAVISTA|J40 | 1
GUAYACANES|J18 | 2
XIMENA|S600 | 3
XIMENA|S601 | 1
XIMENA|H650 | 19
XIMENA|H651 | 1
LETAMENDI|K802 | 1
BASTION POPULAR|S008 | 1
XIMENA|S599 | 1
XIMENA|L548 | 1
ORQUIDEAS|J03 | 4
EL PARAISO|L50 | 1
FLOR DE BASTION|E86+ | 1
SAN EDUARDO|L500 | 1
CHONGON|H920 | 1
XIMENA|T528 | 1
9 DE OCTUBRE|J020 | 1
METROPOLIS|J180 | 1
SUCRE|A09 | 11
URDANETA|I11 | 1
URDANETA|S907 | 1
LETAMENDI|L272 | 1
FERROVIARIA|K590 | 1
NUEVA PROSPERINA|J180 | 4
FLORIDA|T784 | 1
GARCIA MORENO|R500 | 2
GARCIA MORENO|R501 | 5
MAPASINGUE|R42 | 1
FLOR DE BASTION|J46 | 2
FLOR DE BASTION|J45 | 5
GARCIA MORENO|R509 | 3
LETAMENDI|S01 | 10
LETAMENDI|S00 | 4
LETAMENDI|S06 | 1
FEBRES CORDERO|J180 | 90
URDANETA|B082 | 1
MONTEBELLO|J180 | 1
NOT_FOUND|S022 | 1
LETAMENDI|K29 | 5
URDANETA|J042 | 2
NUEVA PROSPERINA|R10 | 5
SAMANES|B002 | 1
DAULE|J029 | 1
GARCIA MORENO|S901 | 1
XIMENA|T519 | 1
VOLUNTAD DE DIOS|J20 | 1
GARCIA MORENO|A90 | 1
DAULE|S934 | 2
NOT_FOUND|E161 | 1
MONTE SINAI|S520 | 1
OTROS|J22 | 1
OTROS|J20 | 13
MUCHO LOTE I|B084 | 1
MAPASINGUE|R11 | 4
MAPASINGUE|R10 | 2
FORTIN|T784 | 1
CHONGON|A059 | 1
LETAMENDI|H60 | 2
BOLIVAR SAGRARIO|R11 | 2
XIMENA|H728 | 1
LA FLORIDA|A09 | 2
BOLIVAR SAGRARIO|K529 | 1
FORTIN|J03 | 4
XIMENA|M239 | 1
METROPOLIS|R11 | 2
LETAMENDI|N200 | 1
LAS PEÑAS|S015 | 1
DURAN|J21 | 2
DURAN|J20 | 15
NOT_FOUND|J22 | 3
NOT_FOUND|J21 | 69
NOT_FOUND|J20 | 556
NOT_FOUND|R42 | 1
SUCRE|N390 | 4
BOLIVAR SAGRARIO|S525 | 1
XIMENA|G24 | 3
FERROVIARIA|R51 | 2
ROCAFUERTE|K80 | 1
URDENOR|J20 | 2
INMACONSA|T784 | 1
URDANETA|S52 | 1
SAN EDUARDO|J22 | 1
KENNEDY|A09 | 3
MONTE SINAI|J20 | 6
MUCHO LOTE I|S80 | 1
ROCAFUERTE|M62 | 1
FEBRES CORDERO|S699 | 1
FEBRES CORDERO|R501| | 1
FEBRES CORDERO|L506 | 2
FEBRES CORDERO|M62 | 1
FEBRES CORDERO|H664 | 1
SAN FELIPE|R50 | 1
FEBRES CORDERO|R501 | 27
FEBRES CORDERO|R500 | 6
URDESA|M544 | 1
ATARAZANA|L500 | 2
FEBRES CORDERO|R509 | 30
CHONGON|S91 | 1
FEBRES CORDERO|J960 | 6
SAUCES|J459 | 1
FEBRES CORDERO|J969 | 3
MAPASINGUE|R509 | 2
EL PARAISO|S008 | 1
NUEVA PROSPERINA|A09 | 12
FEBRES CORDERO|A880 | 1
DAULE|K30 | 1
LETAMENDI|J219 | 1
MAPASINGUE|J00 | 1
MAPASINGUE|J02 | 4
MAPASINGUE|J03 | 5
FEBRES CORDERO|H660 | 3
FEBRES CORDERO|S81 | 2
SERGIO TORAL|L50 | 1
PUERTO SANTA ANA|J45 | 1
GARCIA MORENO|J96 | 1
9 DE OCTUBRE|S934 | 1
NOT_FOUND|S698 | 1
GARCIA MORENO|J98 | 2
NOT_FOUND|L03 | 3
NOT_FOUND|L02 | 9
NOT_FOUND|L01 | 3
GARCIA MORENO|L50 | 7
NOT_FOUND|J350 | 1
NOT_FOUND|J351 | 1
BASTION POPULAR|J96 | 1
JUAN MONTALVO|L50 | 1
NOT_FOUND|T24 | 1
FEBRES CORDERO|X490 | 1
DAULE|J969 | 2
NOT_FOUND|T111 | 2
GUAYACANES|N390 | 3
PLAYAS|J18 | 1
IETEL|E86 | 2
OLMEDO|J20 | 4
OLMEDO|J21 | 1
SAMBORONDON|J21 | 1
SAMBORONDON|J20 | 4
LETAMENDI|J451 | 1
LAS PEÑAS|J03 | 2
LAS PEÑAS|J02 | 2
LETAMENDI|J458 | 1
XIMENA|J040 | 3
XIMENA|J042 | 28
FEBRES CORDERO|K810 | 1
IETEL|A09 | 3
PASCUALES|E86 | 4
AYACUCHO|J96 | 1
JUAN MONTALVO|A09 | 12
FLORIDA|J02 | 2
XIMENA|S298 | 1
MAPASINGUE|K590 | 2
URDESA|J03 | 3
BOLIVAR SAGRARIO|J21 | 1
BOLIVAR SAGRARIO|J20 | 8
ADACE|N21 | 1
JUAN MONTALVO|E86 | 9
PLAYAS|J042 | 1
GUAYACANES|J00 | 2
OTRO|J20 | 1
ALBORADA|S60 | 1
BASTION POPULAR|R501 | 3
LAS PEÑAS|K30 | 1
LETAMENDI|J030 | 4
XIMENA|K59 | 1
XIMENA|F410 | 3
DURAN|S534 | 1
XIMENA|K52 | 6
NOT_FOUND|R568 | 2
LETAMENDI|J039 | 3
PROSPERINA|R10 | 3
PROSPERINA|R11 | 3
AYACUCHO|T600 | 1
NOT_FOUND|S903 | 1
URDANETA|J96 | 1
XIMENA|S909 | 2
XIMENA|S908 | 2
NOT_FOUND|S908 | 1
NOT_FOUND|L010 | 2
XIMENA|S903 | 3
XIMENA|S901 | 2
XIMENA|S900 | 4
BASTION POPULAR|S909 | 1
SAUCES|J80 | 1
XIMENA|R509 | 67
BOLIVARIANA|N23 | 1
XIMENA|R500 | 11
XIMENA|R501 | 39
XIMENA|B088 | 1
FLORIDA|S420 | 1
NOT_FOUND|S837 | 2
NOT_FOUND|T290 | 1
XIMENA|B082 | 8
XIMENA|B084 | 3
URDANETA|J304 | 1
LUIS VERNAZA|S934 | 1
AYACUCHO|N23 | 3
LETAMENDI|J02 | 20
LETAMENDI|J03 | 57
LETAMENDI|J00 | 21
LETAMENDI|J01 | 2
XIMENA|S630 | 1
BASTION POPULAR|S019 | 1
OLMEDO|M701 | 1
FLOR DE BASTION|N39 | 1
BELLAVISTA|S60 | 1
BASTION POPULAR|J00 | 1
URDANETA|S917 | 1
NOT_FOUND|T242 | 1
NUEVA PROSPERINA|J042 | 1
AYACUCHO|S529 | 1
XIMENA|L023 | 1
KENNEDY|N390 | 1
XIMENA|L022 | 1
AYACUCHO|T22 | 1
URDANETA|N30 | 1
NOT_FOUND|N512 | 2
URDANETA|S599 | 1
MUCHO LOTE I|J180 | 3
SAMANES|J98 | 1
FLORIDA|N23 | 1
FERROVIARIA|R509 | 1
LETAMENDI|K30 | 1
TARQUI|J96 | 1
MUCHO LOTE II|R10 | 2
OLMEDO|G243 | 1
GARCIA MORENO|S800 | 1
PROSPERINA|L02 | 1
LETAMENDI|S019 | 1
FERROVIARIA|J042 | 1
LETAMENDI|S011 | 1
LETAMENDI|S010 | 2
LETAMENDI|S015 | 2
LETAMENDI|S014 | 1
FLOR DE BASTION|J180 | 4
XIMENA|W54 | 2
VERGELES|I84 | 1
TARQUI|R501 | 1
OTROS|S934 | 1
ATARAZANA|K30 | 1
TARQUI|R509 | 1
FORTIN|S01 | 2
SAUCES|N341 | 1
XIMENA|T172 | 1
XIMENA|T171 | 1
LETAMENDI|A059 | 3
LETAMENDI|A058 | 1
ROCAFUERTE|W54 | 1
INMACONSA|J00 | 1
FLORIDA|L509 | 1
FLORIDA|L500 | 2
KENNEDY|N30 | 1
XIMENA|B82 | 1
URDESA|H650 | 1
MAPASINGUE|S50 | 1
NUEVA PROSPERINA|J02 | 2
NUEVA PROSPERINA|J03 | 6
NUEVA PROSPERINA|J00 | 2
SAN FELIPE|J20 | 3
DURAN|R10 | 2
DURAN|R11 | 4
URDENOR|L50 | 1
CHONGON|R509 | 1
NOT_FOUND|J30 | 1
FORTIN|H920 | 1
XIMENA|T009 | 1
GUAYACANES|R101 | 1
URDENOR|J03 | 1
9 DE OCTUBRE|A09 | 1
XIMENA|G448 | 1
XIMENA|G440 | 1
XIMENA|G441 | 1
BASTION POPULAR|M546 | 1
FERROVIARIA|J45 | 1
CIUDAD DEL RIO|J22 | 1
SAUCES|L509 | 1
SAMBORONDON|A689 | 2
SAUCES|J020 | 1
NOT_FOUND|S599 | 2
XIMENA|F32 | 1
DURAN|J039 | 1
LETAMENDI|T07 | 1
OTROS|S01 | 1
OTROS|S00 | 1
GUAYACANES|R10 | 3
SUCRE|J45 | 1
XIMENA|J459 | 24
OLMEDO|N390 | 1
XIMENA|J451 | 3
URDANETA|E86 | 35
FEBRES CORDERO|J00 | 38
DAULE|N39 | 2
FEBRES CORDERO|S90 | 6
MAPASINGUE|J18 | 1
NOT_FOUND|J180 | 134
FLOR DE BASTION|L500 | 1
NOT_FOUND|J189 | 3
PUERTO SANTA ANA|J180 | 3
PROSPERINA|L500 | 1
LETAMENDI|S498 | 1
FEBRES CORDERO|A09+ | 1
LOS CEIBOS|A09 | 6
VERGELES|E86 | 4
ATARAZANA|L020 | 1
FEBRES CORDERO|S003 | 3
FEBRES CORDERO|A093 | 1
XIMENA|J98 | 28
DAULE|L50 | 3
PROSPERINA|K529 | 1
FEBRES CORDERO|S009 | 2
OLMEDO|J969 | 1
XIMENA|J96 | 37
MONTE SINAI|E86 | 7
MONTE SINAI|B002 | 2
XIMENA|J050 | 4
XIMENA|J051 | 1
BOLIVAR SAGRARIO|00000} | 1
PROSPERINA|R102 | 1
BOLIVARIANA|E86 | 2
OTRO|R11 | 1
OTRO|R10 | 2
FEBRES CORDERO|J209 | 7
GARCIA MORENO|K625 | 1
NOT_FOUND|A09  | 1
FERROVIARIA|L032 | 1
BOLIVAR SAGRARIO|J18 | 1
LOS CEIBOS|E86 | 1
NOT_FOUND|R17 | 1
FEBRES CORDERO|H01 | 1
METROPOLIS|E86 | 2
SUCRE|L038 | 1
LETAMENDI|J029 | 2
PLAYAS|J21 | 1
MAPASINGUE|E86 | 14
JARDINES DEL SALADO|S800 | 1
XIMENA|S910 | 2
XIMENA|S911 | 3
XIMENA|S913 | 3
PASCUALES|J05 | 1
PASCUALES|J02 | 1
PASCUALES|J03 | 2
LA FLORIDA|B002 | 1
SAN EDUARDO|J98 | 1
AYACUCHO|R739 | 1
SANTA CECILIA|R10 | 1
LETAMENDI|G510 | 1
BASTION POPULAR|N390 | 2
BOLIVARIANA|J45 | 1
XIMENA|V33 | 1
URDANETA|K52 | 2
JARDINES DEL SALADO|J20 | 3
FEBRES CORDERO|I49 | 1
LUIS VERNAZA|L028 | 1
XIMENA|S626 | 1
LETAMENDI|J31 | 2
BELLAVISTA|L303 | 1
OLMEDO|A09 | 13
LETAMENDI|J39 | 1
XIMENA|L600 | 1
NOT_FOUND|G24 | 1
LAS PEÑAS|T311 | 1
NUEVA PROSPERINA|J459 | 2
ALBORADA|J180 | 3
METROPOLIS|R10 | 1
AYACUCHO|T13 | 1
ROCAFUERTE|E86 | 5
NOT_FOUND|S913 | 4
NOT_FOUND|S912 | 1
NOT_FOUND|H605 | 1
LETAMENDI|S60 | 2
LETAMENDI|T784 | 1
NOT_FOUND|H92 | 2
FLORIDA|R101 | 1
LETAMENDI|A689 | 3
GARCIA MORENO|N390 | 8
OTRO|A09 | 4
MONTE SINAI|K529 | 1
DAULE|S911 | 1
FLORIDA|J96 | 3
DURAN|J03 | 5
OTROS|R509 | 1
URDENOR|J00 | 1
URDENOR|J02 | 1
XIMENA|R224 | 1
DURAN|J00 | 3
DAULE|T25 | 1
BOLIVAR SAGRARIO|J969 | 1
PUERTO SANTA ANA|L038 | 1
NOT_FOUND|O470 | 1
XIMENA|R221 | 1
XIMENA|A490 | 1
LIMONAL|E86 | 2
LETAMENDI|H10 | 2
URDANETA|W54 | 1
MUCHO LOTE I|J209 | 1
FORTIN|J20 | 8
FORTIN|J21 | 1
NUEVA PROSPERINA|J18 | 2
DURAN|Q37 | 1
XIMENA|S602 | 1
FEBRES CORDERO|S903 | 2
FEBRES CORDERO|S900 | 2
VOLUNTAD DE DIOS|J02 | 1
BOLIVAR SAGRARIO|S00 | 1
MAPASINGUE|N390 | 2
ORQUIDEAS|J042 | 1
OLMEDO|R10 | 1
METROPOLIS|A09 | 2
FEBRES CORDERO|N512 | 3
DURAN|J02 | 2
FERROVIARIA|K80 | 1
FERROVIARIA|K81 | 1
OTROS|R501 | 4
XIMENA|G44 | 1
VOLUNTAD DE DIOS|J00 | 2
LIMONAL|J21 | 1
LIMONAL|J20 | 4
XIMENA|G43 | 2
ALAMOS|J20 | 2
BASTION POPULAR|N39 | 1
AYACUCHO|T232 | 1
MONTE SINAI|J02 | 1
MONTE SINAI|J03 | 1
XIMENA|G439 | 1
JARDINES DEL SALADO|R501 | 1
URDESA|J96 | 1
OTROS|J02 | 2
NOT_FOUND|A880 | 1
XIMENA|G432 | 1
XIMENA|T492 | 1
LIMONAL|J351 | 1
LETAMENDI|S800 | 1
FLORIDA|L028 | 1
NOT_FOUND|K590 | 17
BOLIVAR SAGRARIO|T18 | 1
FLORIDA|L020 | 1
SAUCES|K529 | 1
SAUCES|J031 | 1
PUERTO SANTA ANA|H150 | 1
DURAN|I11 | 2
NOT_FOUND|M54 | 1
SALITRE|E86 | 2
NOT_FOUND|M791 | 1
FORTIN|L020 | 1
ROCAFUERTE|J98 | 1
PUERTO SANTA ANA|K12 | 1
GUAYACANES|R590 | 1
OTROS|H60 | 1
SALITRE|J21 | 1
SALITRE|J20 | 2
MUCHO LOTE I|L033 | 1
MUCHO LOTE I|L032 | 1
FEBRES CORDERO|H60  | 1
URDANETA|J459+ | 1
JARDINES DEL SALADO|E86 | 7
FLORIDA|S00 | 1
LETAMENDI|R227 | 1
XIMENA|L272 | 1
OTROS|J03 | 4
NOT_FOUND|S93 | 5
NOT_FOUND|S90 | 4
ALBORADA|J02 | 3
ALBORADA|J03 | 5
ALBORADA|J00 | 4
AYACUCHO|R50 | 2
AYACUCHO|R51 | 2
PASCUALES|A09 | 8
BELLAVISTA|R10 | 1
NOT_FOUND|T00 | 4
SAUCES|L01 | 1
MONTEBELLO|J45 | 1
MUCHO LOTE I|R10 | 3
MUCHO LOTE I|R11 | 2
DAULE|A90 | 1
SUCRE|A08 | 1
NOT_FOUND|S70 | 1
OLMEDO|J00 | 3
FEBRES CORDERO|S011 | 1
OLMEDO|J02 | 1
OLMEDO|J03 | 9
SANTA CECILIA|J20 | 1
FEBRES CORDERO|S015 | 2
FEBRES CORDERO|S017 | 1
FEBRES CORDERO|S018 | 1
FEBRES CORDERO|S019 | 7
CONDOR|H10 | 1
SAUCES|J03 | 14
SAMBORONDON|J03 | 2
DAULE|A689 | 1
NAVAL NORTE|J040 | 1
LETAMENDI|J304 | 1
XIMENA|J020 | 8
XIMENA|J029 | 9
XIMENA|J028 | 1
CONDOR|J03 | 1
BELLAVISTA|J050 | 1
SAN FELIPE|H109 | 1
XIMENA|N760 | 1
URDANETA|K529 | 3
NOT_FOUND|A084 | 1
OTROS|W060 | 1
URDANETA|G43 | 1
9 DE OCTUBRE|S001 | 1
BOLIVAR SAGRARIO|J00 | 2
BOLIVAR SAGRARIO|J03 | 7
BOLIVAR SAGRARIO|J02 | 4
9 DE OCTUBRE|J98 | 1
OLMEDO|I10 | 1
URDANETA|L500 | 1
ALBORADA|S01 | 1
URDANETA|L509 | 1
URDANETA|J180 | 12
SAMANES|K297 | 1
GARCIA MORENO|K529 | 1
BOLIVAR SAGRARIO|J029 | 1
XIMENA|S923 | 1
GARCIA MORENO|S81 | 1
AYACUCHO|H920 | 1
XIMENA|S927 | 1
OLMEDO|A689 | 1
XIMENA|L02 | 6
XIMENA|L03 | 6
GARCIA MORENO|K291 | 1
XIMENA|L01 | 4
GARCIA MORENO|K297 | 2
SAN EDUARDO|S51 | 1
CIUDAD DEL RIO|E86 | 2
NOT_FOUND|T311 | 1
DAULE|R501 | 2
XIMENA|S50 | 2
FEBRES CORDERO|T01 | 1
JUAN MONTALVO|J180 | 1
XIMENA|R529 | 1
ALBORADA|K30 | 1
URDANETA|G248 | 1
XIMENA|K12 | 13
LETAMENDI|J20 | 106
LETAMENDI|J21 | 14
LETAMENDI|J22 | 1
URDANETA|J459 | 3
XIMENA|H605 | 2
NOT_FOUND|H103 | 3
XIMENA|H609 | 1
URDANETA|J451 | 1
XIMENA|A070 | 1
NOT_FOUND|S636 | 1
NOT_FOUND|S637 | 1
URDANETA|T784 | 2
FEBRES CORDERO|I159 | 1
FEBRES CORDERO|I158 | 1
GARCIA MORENO|R51 | 2
DAULE|K922 | 1
AYACUCHO|K297 | 1
DURAN|E86 | 10
NOT_FOUND|A062 | 2
PASCUALES|R500 | 1
ALBORADA|L50 | 2
NOT_FOUND|L038 | 1
XIMENA|A90 | 7
XIMENA|A92 | 1
GARCIA MORENO|W540 | 1
LETAMENDI|K12 | 2
XIMENA|E835 | 2
SALITRE|N390 | 1
GUAYACANES|K12 | 1
NAVAL NORTE|E86 | 1
PUERTO SANTA ANA|R51 | 2
BOLIVAR SAGRARIO|J202 | 1
TARQUI|S434 | 1
NOT_FOUND|H922 | 1
NOT_FOUND|H920 | 15
BOLIVAR SAGRARIO|J209 | 1
NOT_FOUND|L032 | 1
ORQUIDEAS|S424 | 1
MUCHO LOTE I|A90 | 2
PASCUALES|B082 | 1
INMACONSA|J20 | 1
INMACONSA|J21 | 1
GARCIA MORENO|J05 | 1
TARQUI|K802 | 1
GARZOTA|L080 | 1
PROSPERINA|M624 | 1
CHONGON|E86 | 9
NAVAL NORTE|A09 | 1
PROSPERINA|K30 | 1
URDANETA|A09 | 49
NOT_FOUND|S202 | 1
NOT_FOUND|S200 | 1
NOT_FOUND|S207 | 1
XIMENA|T780 | 1
JUAN MONTALVO|S924 | 1
XIMENA|L089 | 2
PROSPERINA|J05 | 2
NOT_FOUND|T784 | 3
NOT_FOUND|T783 | 1
PROSPERINA|J00 | 2
PROSPERINA|J03 | 9
PROSPERINA|J02 | 1
LETAMENDI|T242 | 1
MUCHO LOTE I|K52 | 1
BOLIVAR SAGRARIO|T07 | 1
VERGELES|R10 | 2
XIMENA|M939 | 1
AYACUCHO|S90 | 2
SAN EDUARDO|J042 | 1
MUCHO LOTE II|T242 | 1
VOLUNTAD DE DIOS|H10 | 2
POSORJA|J01 | 1
POSORJA|J00 | 1
LETAMENDI|M255 | 2
BOLIVARIANA|A09 | 2
OTROS|J180 | 4
FEBRES CORDERO|S808 | 1
FEBRES CORDERO|S801 | 1
FEBRES CORDERO|S800 | 2
URDANETA|R51 | 2
FEBRES CORDERO|R42 | 3
FEBRES CORDERO|Q37 | 1
FEBRES CORDERO|Q36 | 1
MONTE SINAI|A09 | 4
ATARAZANA|R509 | 1
CHONGON|S902 | 2
CHONGON|S900 | 1
XIMENA|W540 | 2
ROCAFUERTE|J45 | 1
MIRAFLORES|G430 | 1
NOT_FOUND|S80 | 5
NOT_FOUND|S81 | 3
NOT_FOUND|S82 | 1
XIMENA|J03| | 1
NOT_FOUND|S89 | 1
FEBRES CORDERO|H920 | 15
NOT_FOUND|T13 | 1
DAULE|K590 | 1
DAULE|J96 | 1
DAULE|J98 | 1
GUAYACANES|S00 | 1
NOT_FOUND|S62 | 1
NOT_FOUND|S60 | 3
NOT_FOUND|S61 | 4
SAMBORONDON|J18 | 1
NOT_FOUND|J960 | 8
GARCIA MORENO|P920 | 1
NOT_FOUND|J969 | 12
XIMENA|J030 | 14
FEBRES CORDERO|S626 | 1
SAMBORONDON|H920 | 2
ROSALES|J46 | 1
XIMENA|J039 | 16
XIMENA|K522 | 1
ROCAFUERTE|A09 | 4
XIMENA|I84 | 1
XIMENA|M62 | 1
NOT_FOUND|G40 | 1
CHONGON|T741 | 1
PROSPERINA|J969 | 2
FLOR DE BASTION|J060 | 1
XIMENA|I209 | 1
LAS PEÑAS|S01 | 1
FEBRES CORDERO|S005  | 1
SUCRE|R041 | 1
SUCRE|L500 | 1
XIMENA|S420 | 4
XIMENA|S934 | 6
XIMENA|S424 | 1
GARCIA MORENO|S90 | 1
NOT_FOUND|M255 | 1
NOT_FOUND|I209 | 1
XIMENA|S398 | 1
OTRO|E86 | 1
NOT_FOUND|T302 | 1
ALBORADA|N390 | 4
XIMENA|S41 | 1
XIMENA|S40 | 2
XIMENA|S49 | 1
FEBRES CORDERO|J340 | 2
LETAMENDI|E86 | 88
NOT_FOUND|T09 | 1
OLMEDO|E86 | 4
JARDINES DEL SALADO|J02 | 3
JARDINES DEL SALADO|J03 | 3
XIMENA|R060 | 1
PROSPERINA|J45 | 1
XIMENA|L506 | 2
ALBORADA|S934 | 1
DURAN|S80 | 1
XIMENA|L500 | 19
NOT_FOUND|L259 | 1
XIMENA|L509 | 7
NOT_FOUND|A059 | 5
GARCIA MORENO|R42 | 1
LETAMENDI|L500 | 1
URDANETA|J45 | 6
NOT_FOUND|H620 | 1
LETAMENDI|L508 | 1
FEBRES CORDERO|G24 | 2
URDESA|R51 | 2
URDESA|R50 | 1
SAUCES|S011 | 1
FLOR DE BASTION|J03 | 4
FLOR DE BASTION|J02 | 1
FLOR DE BASTION|J00 | 3
GARCIA MORENO|S015 | 1
TARQUI|J45 | 4
TARQUI|J46 | 1
SAN FELIPE|E86 | 1
SAN EDUARDO|K12 | 1
NOT_FOUND|W84 | 1
ATARAZANA|E86 | 6
URDANETA|H60 | 2
FEBRES CORDERO|S014 | 1
FEBRES CORDERO|E86 | 207
AYACUCHO|S910 | 1
CHONGON|J050 | 1
FORTIN|S50 | 1
NUEVA PROSPERINA|N390 | 1
PROSPERINA|H60 | 1
MONTEBELLO|R509 | 1
FEBRES CORDERO|B15 | 1
MONTEBELLO|E86 | 2
AYACUCHO|L130 | 1
SALITRE|S298 | 1
CARBO|J96 | 2
FEBRES CORDERO|A06 | 1
FEBRES CORDERO|A08 | 2
FEBRES CORDERO|A09 | 403
SAMANES|N390 | 2
ATARAZANA|J96 | 1
BOLIVAR SAGRARIO|N30 | 1
LAS PEÑAS|J21 | 3
LETAMENDI|S46 | 1
FEBRES CORDERO|B002 | 4
LAS PEÑAS|J20 | 4
URDANETA|N390 | 7
LETAMENDI|S40 | 1
BRISAS DEL RIO|A09 | 1
GARCIA MORENO|T543 | 1
FEBRES CORDERO|K528 | 1
FEBRES CORDERO|J030 | 8
FEBRES CORDERO|J039 | 7
DAULE|J180 | 14
OLMEDO|N23 | 2
XIMENA|A60 | 2
SAUCES|J02 | 5
XIMENA|S000 | 4
SAMANES|J20 | 2
PASCUALES|K590 | 1
PROSPERINA|N390 | 3
CHONGON|J21 | 2
GARCIA MORENO|T099 | 1
CHONGON|S827 | 1
LETAMENDI|R10 | 34
ROCAFUERTE|N30 | 1
PLAYAS|N390 | 1
FERROVIARIA|J98 | 1
OTROS|J96 | 1
NOT_FOUND|S302 | 1
LAS PEÑAS|F41 | 1
NOT_FOUND|S300 | 1
FEBRES CORDERO|S497 | 1
XIMENA|E83 | 1
NOT_FOUND|R202 | 1
LOS CEIBOS|R509 | 1
SAN EDUARDO|R501 | 1
ALBORADA|A059 | 1
SAN EDUARDO|R509 | 1
MONTE SINAI|K12 | 1
LIMONAL|J03 | 2
CHONGON|S913 | 1
FLORIDA|D64 | 1
FEBRES CORDERO|T51 | 1
FLOR DE BASTION|S00 | 1
FLOR DE BASTION|S01 | 1
PUERTO SANTA ANA|J03 | 6
AYACUCHO|R509 | 3
MAPASINGUE|N110 | 1
NOT_FOUND|S59 | 1
FEBRES CORDERO|R10 | 74
FEBRES CORDERO|R11 | 58
NOT_FOUND|S52 | 1
NOT_FOUND|S50 | 2
LETAMENDI|S998 | 2
NOT_FOUND|N390} | 1
ACUARELA DEL RIO|N390 | 1
CIUDAD DEL RIO|J98 | 1
DURAN|K297 | 1
GARCIA MORENO|J030 | 2
AYACUCHO|R501 | 3
ROSALES|E86 | 1
NOT_FOUND|S523 | 3
NOT_FOUND|S525 | 1
SALITRE|J00 | 1
SALITRE|J03 | 2
NOT_FOUND|B082 | 3
SAN FELIPE|N390 | 1
NOT_FOUND|B084 | 4
LETAMENDI|J969 | 1
NOT_FOUND|B088 | 2
NOT_FOUND|J042 | 17
NOT_FOUND|J040 | 2
GARCIA MORENO|J219 | 3
VERGELES|J21 | 2
VERGELES|J20 | 3
LETAMENDI|S519 | 3
XIMENA|J311 | 1
DURAN|A09 | 19
CIUDAD DEL RIO|A09 | 4
TARQUI|J180 | 1
NOT_FOUND|N23 | 12
AYACUCHO|J180 | 11
NOT_FOUND|N20 | 2
FLOR DE BASTION|N390 | 1
MAPASINGUE|S30 | 1
ROCAFUERTE|B002 | 1
FEBRES CORDERO|B829 | 1
XIMENA|S411 | 1
XIMENA|L20 | 3
XIMENA|L23 | 5
BOLIVAR SAGRARIO|K12 | 1
DAULE|R074 | 1
JUAN MONTALVO|R10 | 4
JUAN MONTALVO|R11 | 1
FEBRES CORDERO|M255 | 1
XIMENA|S099 | 11
LETAMENDI|S424 | 1
ALBORADA|R11 | 1
ALBORADA|R10 | 8
URDANETA|K297 | 1
AYACUCHO|J46 | 2
AYACUCHO|J45 | 6
XIMENA|J22 | 6
XIMENA|J20 | 833
XIMENA|J21 | 106
XIMENA|M54 | 1
KENNEDY|S01 | 1
BELLAVISTA|N390 | 2
LUIS VERNAZA|E86 | 2
XIMENA|R072 | 2
XIMENA|R074 | 5
ORQUIDEAS|L031 | 1
JARDINES DEL SALADO|R10 | 2
BOLIVAR SAGRARIO|L02 | 1
DURAN|G443 | 1
GUAYACANES|J039 | 1
NOT_FOUND|A689 | 25
NOT_FOUND|T202 | 1
ROCAFUERTE|J02 | 1
NOT_FOUND|B82 | 2
SAUCES|K12 | 1
CHONGON|A09 | 6
CONDOR|J20 | 5
FEBRES CORDERO|N511 | 1
GARCIA MORENO|J969 | 1
FEBRES CORDERO|J21 | 38
FEBRES CORDERO|J20 | 347
FEBRES CORDERO|J22 | 8
GARCIA MORENO|J960 | 1
FLORIDA|K29 | 2
NOT_FOUND|S098 | 2
NOT_FOUND|S099 | 8
FLOR DE BASTION|J18 | 3
PASCUALES|H920 | 1
XIMENA|X85 | 1
CARBO|J180 | 2
MAPASINGUE|S01 | 1
AYACUCHO|J39 | 1
BASTION POPULAR|J46 | 1
XIMENA|B829 | 1
BASTION POPULAR|J45 | 1
GARCIA MORENO|S40 | 2
LUIS VERNAZA|A09 | 4
ROSALES|R11 | 2
SAUCES|J20 | 43
SAUCES|J21 | 8
CONDOR|K050 | 1
OLMEDO|R101 | 2
SERGIO TORAL|R11 | 3
XIMENA|T00 | 3
SAN EDUARDO|J20 | 3
XIMENA|T07 | 2
MUCHO LOTE I|J02 | 3
XIMENA|S670 | 1
VOLUNTAD DE DIOS|E86 | 3
XIMENA|T09 | 2
XIMENA|R102 | 1
AYACUCHO|S900 | 1
XIMENA|T600 | 1
MUCHO LOTE I|J03 | 10
XIMENA|R101 | 19
MUCHO LOTE I|J01 | 1
MUCHO LOTE I|J00 | 2
LETAMENDI|P599 | 1
LETAMENDI|W57 | 1
FLORIDA|J45 | 1
VERGELES|J00 | 1
FEBRES CORDERO|B01 | 1
ROSALES|A09 | 5
NOT_FOUND|I11 | 1
NOT_FOUND|I10 | 22
ORQUIDEAS|J96 | 1
FEBRES CORDERO|J159 | 2
MUCHO LOTE I|N30 | 2
LETAMENDI|S53 | 1
ALBORADA|A09 | 21
SAN EDUARDO|R220 | 1
OTROS|N30 | 1
FEBRES CORDERO|J029 | 6
URDANETA|R040 | 2
URDANETA|M545 | 1
LETAMENDI|H612 | 1
GARCIA MORENO|S80 | 1
LETAMENDI|I10 | 3
ALBORADA|M238 | 1
DAULE|S83 | 1
URDANETA|S01 | 2
URDANETA|S00 | 1
SAUCES|S60 | 1
GARCIA MORENO|S400 | 1
PROSPERINA|J21 | 1
PROSPERINA|J20 | 15
URDESA|J46 | 1
URDANETA|T301 | 1
XIMENA|N939 | 1
FLOR DE BASTION|R501 | 2
MIRAFLORES|S211 | 1
SAUCES|L50 | 4
FEBRES CORDERO|M773 | 1
NOT_FOUND|S000 | 3
LETAMENDI|I471 | 1
MONTE SINAI|N390 | 1
ROCAFUERTE|K12 | 1
XIMENA|M919 | 1
PUERTO SANTA ANA|B302 | 1
NOT_FOUND|S311 | 1
FLORIDA|A689 | 1
NOT_FOUND|S312 | 1
NOT_FOUND|N200 | 1
POSORJA|J20 | 1
ALBORADA|E86 | 10
NOT_FOUND|K140 | 1
MUCHO LOTE I|W57 | 1
SUCRE|J042 | 1
SAMBORONDON|J180 | 1
DAULE|J040 | 1
PROSPERINA|N47 | 1
DURAN|R50 | 1
GARCIA MORENO|S519 | 1
FEBRES CORDERO|S823 | 1
DURAN|R53 | 1
SERGIO TORAL|M544 | 1
MAPASINGUE|Y140 | 1
FEBRES CORDERO|N200 | 1
CHONGON|S10 | 1
LETAMENDI|R42 | 2
PUERTO SANTA ANA|J18 | 1
NOT_FOUND|S400 | 1
NOT_FOUND|N110 | 1
NOT_FOUND|J303 | 1
NOT_FOUND|J304 | 4
LETAMENDI|H028 | 1
NOT_FOUND|J96 | 31
GARCIA MORENO|J45 | 7
SAMBORONDON|A09 | 7
NOT_FOUND|J98 | 15
FEBRES CORDERO|K050 | 1
NOT_FOUND|S40 | 2
XIMENA|H92 | 9
ALBORADA|I11 | 1
CHONGON|R50 | 2
URDANETA|J22 | 1
LETAMENDI|A09 | 169
DURAN|J180 | 8
NOT_FOUND|R040 | 5
FLORIDA|R501 | 1
SUCRE|A689 | 1
FEBRES CORDERO|S609 | 1
FLORIDA|R509 | 1
URDANETA|L303 | 1
DAULE|R509 | 1
KENNEDY|A689 | 1
BASTION POPULAR|M624 | 1
GARCIA MORENO|S600 | 1
SAMBORONDON|R10 | 1
SANTA CECILIA|E86 | 2
NOT_FOUND|J050 | 6
JUAN MONTALVO|J00 | 3
JUAN MONTALVO|J03 | 6
JUAN MONTALVO|J02 | 2
GARCIA MORENO|J209 | 2
NOT_FOUND|R590 | 1
XIMENA|J303 | 2
XIMENA|J301 | 1
ROCAFUERTE|N200 | 1
XIMENA|J304 | 4
GARCIA MORENO|I10 | 1
PUERTO SANTA ANA|K529 | 1
PROSPERINA|R42 | 1
NOT_FOUND|N30 | 6
CIUDAD DEL RIO|N390 | 1
XIMENA|Y919 | 2
NOT_FOUND|N39 | 4
PASCUALES|J45 | 1
XIMENA|S69 | 1
DURAN|S611 | 1
MAPASINGUE|L500 | 1
XIMENA|S61 | 4
XIMENA|S60 | 3
URDANETA|K12 | 3
NOT_FOUND|J219 | 1
FLORIDA|S902 | 1
XIMENA|S069 | 1
XIMENA|R040 | 6
XIMENA|R590 | 2
ALBORADA|J20 | 9
BOLIVARIANA|S01 | 1
ALBORADA|J21 | 1
FEBRES CORDERO|K120 | 1
METROPOLIS|R55 | 1
NOT_FOUND|H101 | 1
NOT_FOUND|J210 | 1
ALBORADA|R101 | 1
CHONGON|J459 | 1
NOT_FOUND|T212 | 1
SERGIO TORAL|E86 | 1
BASTION POPULAR|J451 | 1
XIMENA|S408 | 2
XIMENA|S409 | 2
NOT_FOUND|I959 | 1
BASTION POPULAR|H10 | 1
XIMENA|S400 | 6
FLORIDA|S018 | 1
NOT_FOUND|I950 | 1
NOT_FOUND|E86 | 400
MONTE SINAI|L538 | 1
FORTIN|J209 | 1
DURAN|T170 | 1
TARQUI|J20 | 9
URDANETA|J020 | 1
FLOR DE BASTION|J21 | 4
FLOR DE BASTION|J20 | 26
DAULE|N512 | 1
OLMEDO|S610 | 1
CONDOR|A09 | 1
SAMANES|J042 | 1
MAPASINGUE|B019 | 1
XIMENA|T11 | 1
XIMENA|T13 | 1
LETAMENDI|R30 | 1
XIMENA|T15 | 1
XIMENA|T16 | 3
TARQUI|S390 | 1
BELLAVISTA|J029 | 1
LETAMENDI|M544 | 1
LETAMENDI|M542 | 1
SUCRE|S610 | 1
DURAN|S902 | 1
NAVAL NORTE|M54 | 1
FLORIDA|J30 | 1
FEBRES CORDERO|A050 | 1
URDANETA|S06 | 1
XIMENA|L303 | 2
BRISAS DEL NORTE|N390 | 1
LETAMENDI|J96 | 7
LETAMENDI|J98 | 4
XIMENA|M255 | 4
ATARAZANA|S809 | 1
ALBORADA|O912 | 1
NOT_FOUND|R55 | 1
DURAN|J45 | 6
SUCRE|R101 | 1
CHONGON|A689 | 1
PROSPERINA|H920 | 1
BASTION POPULAR|A09 | 18
TARQUI|R51 | 1
ALBORADA|S698 | 1
FEBRES CORDERO|K297 | 5
MUCHO LOTE II|R509 | 1
FEBRES CORDERO|K291 | 1
MIRAFLORES|R10 | 1
MAPASINGUE|N39 | 2
SUCRE|J459 | 1
FEBRES CORDERO|J050 | 4
ATARAZANA|J180 | 3
SAMANES|R509 | 1
KENNEDY|J20 | 1
DAULE|S90 | 1
CIUDAD DEL RIO|J20 | 1
PROSPERINA|J180 | 1
FEBRES CORDERO|Y09 | 1
FLORIDA|K590 | 1
VERGELES|S010 | 1
EL PARAISO|A09 | 2
LAS PEÑAS|E86 | 6
MAPASINGUE|J039 | 1
SAMANES|J03 | 1
SAMANES|J02 | 2
AYACUCHO|A09  | 1
FERROVIARIA|A08 | 1
FERROVIARIA|A09 | 5
NOT_FOUND|K52 | 5
DURAN|R501 | 1
SAN EDUARDO|J180 | 3
NOT_FOUND|K59 | 2
URDANETA|S610 | 1
DURAN|R509 | 1
CONDOR|R11 | 1
GARCIA MORENO|S501 | 1
SAUCES|B370 | 1
FERROVIARIA|E86 | 4
PUERTO SANTA ANA|L500 | 2
ROSALES|H669 | 1
DURAN|K590 | 2
FEBRES CORDERO|L50 | 21
ALBORADA|J45 | 3
AYACUCHO|R10 | 7
AYACUCHO|R11 | 2
PROSPERINA|S00 | 4
SALITRE|R10 | 1
NUEVA PROSPERINA|L50 | 2
MAPASINGUE|L50 | 2
INMACONSA|A09 | 1
GARCIA MORENO|E86 | 38
PUERTO SANTA ANA|J20 | 4
DAULE|H60 | 1
DAULE|H65 | 1
OTRO|J459 | 1
ALBORADA|S400 | 2
AYACUCHO|J459 | 1
LETAMENDI|J459 | 3
FLOR DE BASTION|R10 | 3
DAULE|J45 | 1
NOT_FOUND|J20  | 3
URDANETA|B01 | 1
FEBRES CORDERO|S619 | 1
FEBRES CORDERO|S610 | 4
FEBRES CORDERO|S611 | 2
NOT_FOUND|S500 | 1
NOT_FOUND|S501 | 3
NOT_FOUND|W57 | 1
NOT_FOUND|J202 | 1
NOT_FOUND|W54 | 4
NOT_FOUND|P22 | 1
DAULE|A880 | 1
NOT_FOUND|J209 | 10
AYACUCHO|R074 | 1
FEBRES CORDERO|S00 | 13
FEBRES CORDERO|S01 | 25
ORQUIDEAS|H60 | 1
AYACUCHO|R072 | 1
NOT_FOUND|J060 | 2
BELLAVISTA|J03 | 5
FEBRES CORDERO|S09 | 2
CHONGON|J02 | 1
JUAN MONTALVO|J18 | 3
AYACUCHO|J039 | 1
SAMBORONDON|E86 | 4
BELLAVISTA|J00 | 2
BELLAVISTA|A09 | 11
VERGELES|J45 | 1
XIMENA|K30 | 7
NOT_FOUND|S618 | 1
NOT_FOUND|N45 | 1
NOT_FOUND|S610 | 3
NOT_FOUND|S611 | 5
NOT_FOUND|S617 | 1
DURAN|L010 | 1
ADACE|J21 | 1
ADACE|J20 | 2
ALBORADA|O210 | 1
FEBRES CORDERO|I10 | 2
LOS CEIBOS|J180 | 1
XIMENA|S19 | 1
LOS CEIBOS|J45 | 1
LETAMENDI|R101 | 1
LETAMENDI|R104 | 1
XIMENA|J209 | 4
XIMENA|B029 | 1
XIMENA|J202 | 1
FEBRES CORDERO|T242 | 1
XIMENA|J05 | 9
TARQUI|A09 | 4
XIMENA|J20  | 1
XIMENA|J00 | 107
XIMENA|J01 | 5
XIMENA|J02 | 101
XIMENA|J03 | 336
FEBRES CORDERO|J03 | 123
FEBRES CORDERO|J02 | 39
XIMENA|S501 | 1
NOT_FOUND|L209 | 1
FEBRES CORDERO|J05 | 2
FEBRES CORDERO|J04 | 1
SAMANES|J450 | 1
XIMENA|S508 | 1
SAUCES|H920 | 2
PROSPERINA|K12 | 1
SAUCES|K30 | 1
NOT_FOUND|T222 | 1
TARQUI|R10 | 1
XIMENA|R21 | 1
XIMENA|T887 | 1
GARCIA MORENO|R11 | 14
GARCIA MORENO|R10 | 16
FERROVIARIA|N23 | 1
AYACUCHO|S610 | 2
AYACUCHO|S611 | 1
TARQUI|N390 | 1
URDANETA|J038 | 1
VERGELES|M54 | 1
LETAMENDI|K52 | 2
URDANETA|L50 | 6
GARCIA MORENO|A09 | 59
GARCIA MORENO|L032 | 1
GARCIA MORENO|A06 | 2
GARCIA MORENO|A05 | 1
URDANETA|S998 | 1
AYACUCHO|B02 | 1
ALBORADA|J042 | 1
BASTION POPULAR|J20 | 15
BASTION POPULAR|J21 | 2
ALBORADA|T91 | 1
FLORIDA|J180 | 9
GARCIA MORENO|S63 | 1
NOT_FOUND|T45 | 1
CHONGON|S300 | 1
BELLAVISTA|R11 | 1
XIMENA|E785 | 1
SAUCES|J00 | 10
SAN EDUARDO|J03 | 2
SAN EDUARDO|J02 | 1
XIMENA|T25 | 1
XIMENA|M796 | 1
PUERTO SANTA ANA|R10 | 1
XIMENA|T23 | 1
AYACUCHO|J18 | 2
GUAYACANES|J969 | 1
URDANETA|S424 | 1
MUCHO LOTE I|J21 | 5
MUCHO LOTE I|J20 | 11
FLORIDA|J20 | 38
FLORIDA|J21 | 5
FLORIDA|J22 | 1
XIMENA|I959 | 2
ORQUIDEAS|R509 | 2
SUCRE|L03 | 1
OTROS|L30 | 1
ALAMOS|J98 | 1
FERROVIARIA|L500 | 1
KENNEDY|R10 | 1
GARZOTA|J03 | 1
XIMENA|R638 | 1
VERGELES|A09 | 6
URDENOR|E86 | 1
JUAN MONTALVO|N39 | 1
URDANETA|S518 | 1
ATARAZANA|J45 | 2
ATARAZANA|J46 | 1
BELLAVISTA|E86 | 7
SAUCES|S600 | 1
FEBRES CORDERO|J042 | 9
XIMENA|A37 | 2
LIMONAL|S01 | 1
SAUCES|S01 | 3
FEBRES CORDERO|H10 | 2
URDESA|J20 | 3
XIMENA|A689 | 36
URDANETA|J039 | 1
URDENOR|A09 | 1
SAMBORONDON|S800 | 1
LA FLORIDA|J20 | 1
ORQUIDEAS|R51 | 1
ORQUIDEAS|S911 | 1
XIMENA|X490 | 1
SALITRE|A09 | 4
CHONGON|K590 | 2
AYACUCHO|M255 | 1
NOT_FOUND|K40 | 1
URDANETA|R501 | 5
NOT_FOUND|Y910 | 1
URDANETA|S601 | 1
URDANETA|S010 | 3
CARBO|R501 | 1
URDANETA|R11 | 9
URDANETA|R10 | 14
FEBRES CORDERO|S531 | 1
NOT_FOUND|A490 | 3
XIMENA|K810 | 1
ROCAFUERTE|H65 | 1
NOT_FOUND|S900 | 4
XIMENA|T782 | 2
FEBRES CORDERO|R220 | 1
ROCAFUERTE|J03 | 3
ROCAFUERTE|J00 | 2
XIMENA|T311 | 1
NOT_FOUND|S424 | 1
NOT_FOUND|S420 | 5
DURAN|N390 | 3
NOT_FOUND|N179 | 1
DURAN|R400 | 1
FLORIDA|H612 | 1
NOT_FOUND|K528 | 2
NOT_FOUND|K529 | 10
SAMBORONDON|B082 | 1
FLOR DE BASTION|R500 | 1
GARCIA MORENO|J20 | 48
GARCIA MORENO|J21 | 3
VERGELES|R51 | 2
AYACUCHO|S202 | 1
CIUDAD DEL RIO|H669 | 1
NOT_FOUND|S20 | 1
URDANETA|J98 | 3
BOLIVARIANA|R391 | 1
GARCIA MORENO|B829 | 1
PLAYAS|J20 | 2
SAMBORONDON|T23 | 1
FLORIDA|E86 | 21
XIMENA|K567 | 1
FLORIDA|R072 | 1
NOT_FOUND|S518 | 2
URDESA|R101 | 1
ROSALES|J00 | 1
NUEVA PROSPERINA|E86 | 4
SAMBORONDON|N390 | 2
IETEL|N390 | 2
NOT_FOUND|Z000 | 1
AYACUCHO|J209 | 2
OTROS|N390 | 1
XIMENA|J969 | 18
XIMENA|J960 | 12
FEBRES CORDERO|S11 | 1
FEBRES CORDERO|H66 | 1
FEBRES CORDERO|H65 | 3
SAN FELIPE|M544 | 1
NOT_FOUND|R58 | 1
FEBRES CORDERO|H60 | 5
NOT_FOUND|R56 | 1
MUCHO LOTE II|A09 | 5
NOT_FOUND|R53 | 5
NOT_FOUND|R50 | 8
NOT_FOUND|R51 | 14
9 DE OCTUBRE|H65 | 1
AYACUCHO|J020 | 2
NOT_FOUND|T232 | 2
SERGIO TORAL|J03 | 1
SERGIO TORAL|J02 | 1
SERGIO TORAL|J00 | 1
CHONGON|N390 | 3
JUAN MONTALVO|J20 | 14
XIMENA|K29 | 17
SALITRE|R11 | 1
MUCHO LOTE II|E86 | 1
XIMENA|K21 | 1
NOT_FOUND|J459 | 17
NOT_FOUND|J458 | 1
NOT_FOUND|N50 | 1
NOT_FOUND|S602 | 1
NOT_FOUND|S600 | 6
NOT_FOUND|J451 | 1
XIMENA|L50 | 82
FLOR DE BASTION|J969 | 1
JARDINES DEL SALADO|J45 | 2
ATARAZANA|R53 | 1
XIMENA|S09 | 2
XIMENA|S01 | 54
XIMENA|S00 | 39
NOT_FOUND|T181 | 1
XIMENA|J219 | 2
NOT_FOUND|T183 | 1
NOT_FOUND|T184 | 1
DAULE|A09 | 29
DAULE|A08 | 1
NOT_FOUND|T189 | 1
MAPASINGUE|T171 | 1
XIMENA|J18 | 43
XIMENA|S510 | 3
ROCAFUERTE|S01 | 2
SAUCES|H660 | 1
XIMENA|S518 | 1
SAUCES|H669 | 1
XIMENA|E86} | 1
NOT_FOUND|A01  | 1
DAULE|B49 | 1
SAUCES|K29 | 1
NOT_FOUND|P229 | 2
SAUCES|T000 | 1
XIMENA|S198 | 1
XIMENA|R34 | 1
ROCAFUERTE|N390 | 2
URDANETA|J00 | 13
URDANETA|J01 | 1
URDANETA|J02 | 8
URDANETA|J03 | 24
NOT_FOUND|A08 | 5
NOT_FOUND|A09 | 653
AYACUCHO|L50 | 4
NOT_FOUND|A06 | 1
9 DE OCTUBRE|J03 | 2
GARCIA MORENO|L029 | 1
TARQUI|J03 | 1
SAUCES|H001 | 1
LETAMENDI|A08 | 1
GARCIA MORENO|L020 | 3
FLORIDA|T090 | 1
GARCIA MORENO|L024 | 1
NOT_FOUND|S997 | 1
JUAN MONTALVO|M544 | 1
DURAN|H650 | 1
NOT_FOUND|L500 | 10
NOT_FOUND|L509 | 2
NOT_FOUND|L508 | 2
NOT_FOUND|S999 | 1
NOT_FOUND|S998 | 1
DAULE|S600 | 1
GARCIA MORENO|J029 | 1
FORTIN|R10 | 2
SAUCES|J18 | 4
XIMENA|S999 | 1
BELLAVISTA|J180 | 1
GUAYACANES|J96 | 1
URDANETA|M626 | 1
MUCHO LOTE II|I10 | 1
GUAYACANES|J98 | 1
NOT_FOUND|K12 | 13
FLORIDA|J18 | 2
LETAMENDI|R55 | 1
ROSALES|J20 | 2
FERROVIARIA|T189 | 1
LETAMENDI|R51 | 6
LETAMENDI|R50 | 2
VOLUNTAD DE DIOS|J180 | 1
XIMENA|B33 | 1
KENNEDY|K35 | 1
BELLAVISTA|J20 | 6
XIMENA|B36 | 1
NOT_FOUND|R049 | 1
BASTION POPULAR|E86 | 13
FEBRES CORDERO|J459 | 14
BOLIVAR SAGRARIO|J180 | 2
OLMEDO|H920 | 1
FEBRES CORDERO|J450 | 1
GUAYACANES|J03 | 5
SAUCES|R509 | 5
CHONGON|M436 | 1
SAUCES|R501 | 3
URDESA|R11 | 2
URDESA|R10 | 1
LETAMENDI|K810 | 1
KENNEDY|S009 | 1
DAULE|N390 | 1
FERROVIARIA|K29 | 1
LETAMENDI|H660 | 1
LETAMENDI|T18 | 1
NOT_FOUND|H10 | 8
KENNEDY|J03 | 1
PROSPERINA|A09 | 27
FORTIN|N390 | 1
PROSPERINA|J98 | 1
NOT_FOUND|N760 | 1
NOT_FOUND|K30 | 4
MUCHO LOTE I|S01 | 2
BASTION POPULAR|J960 | 1
BELLAVISTA|S67 | 1
URDENOR|S420 | 1
JUAN MONTALVO|T07 | 1
NOT_FOUND|T782 | 2
MUCHO LOTE I|J96 | 1
FEBRES CORDERO|W84 | 1
JUAN MONTALVO|S400 | 1
NOT_FOUND|R103 | 1
NOT_FOUND|R102 | 1
NOT_FOUND|R101 | 13
NOT_FOUND|R100 | 1
CARBO|A09 | 1
NOT_FOUND|R104 | 1
SAUCES|J180 | 13
NOT_FOUND|J45 | 68
ATARAZANA|A09 | 8
NOT_FOUND|J46 | 10
NOT_FOUND|S298 | 1
NOT_FOUND|S299 | 2
XIMENA|S500 | 1
CONDOR|S00 | 1
GARCIA MORENO|S411 | 1
GARCIA MORENO|J18 | 2
CARBO|N390 | 2
GARCIA MORENO|J11 | 1
KENNEDY|H60 | 1
SUCRE|S01 | 1
BOLIVARIANA|J03 | 3
BOLIVARIANA|J02 | 1
VERGELES|S810 | 1
FEBRES CORDERO|R50 | 7
FEBRES CORDERO|R51 | 10
FEBRES CORDERO|R53 | 2
FEBRES CORDERO|R55 | 1
DAULE|J20 | 29
DAULE|J21 | 3
FEBRES CORDERO|X411 | 1
URDESA|A09 | 8
NOT_FOUND|R074 | 7
NOT_FOUND|R072 | 1
DAULE|L01 | 1
LETAMENDI|A37 | 1
OLMEDO|L50 | 1
AYACUCHO|S00 | 2
AYACUCHO|S01 | 2
AYACUCHO|S06 | 1
URDANETA|L020 | 2
URDANETA|L023 | 1
AYACUCHO|A059 | 3
SERGIO TORAL|A09 | 3
XIMENA|J069 | 1
XIMENA|J359 | 1
OTROS|J020 | 1
XIMENA|J350 | 2
LETAMENDI|K529 | 3
XIMENA|J352 | 1
NOT_FOUND|N64 | 1
GARCIA MORENO|J459 | 1
FLOR DE BASTION|J039 | 2
NOT_FOUND|S670 | 1
FLOR DE BASTION|J030 | 1
NOT_FOUND|S10 | 1
BOLIVAR SAGRARIO|J96 | 1
ALBORADA|S80 | 1
URDANETA|R101 | 1
PROSPERINA|E86 | 15
ADACE|J02 | 1
BRISAS DEL NORTE|K29 | 1
XIMENA|S30 | 4
PLAYAS|A09 | 1
XIMENA|N201 | 1
FORTIN|A689 | 1
ALBORADA|R50 | 1
XIMENA|B002 | 10
AYACUCHO|J03 | 11
AYACUCHO|J02 | 5
AYACUCHO|J00 | 5
XIMENA|S211 | 1
OLMEDO|R060 | 1
NOT_FOUND|S701 | 1
XIMENA|S525 | 1
XIMENA|S527 | 1
XIMENA|S526 | 1
XIMENA|S520 | 2
SERGIO TORAL|H10 | 1
TARQUI|J969 | 1
XIMENA|S528 | 1
LETAMENDI|Z916 | 1
JARDINES DEL SALADO|R51 | 1
OLMEDO|M542 | 1
XIMENA|N512 | 6
DAULE|R101 | 2
MAPASINGUE|H920 | 1
NOT_FOUND|S620 | 1
FEBRES CORDERO|J219 | 3
SAUCES|L02  | 1
NOT_FOUND|A38 | 1
FORTIN|A09 | 6
AYACUCHO|S019 | 1
BELLAVISTA|L50 | 1
XIMENA|X49 | 1
TARQUI|J18 | 1
DAULE|E86 | 23
NOT_FOUND|L539 | 2
LETAMENDI|S099 | 1
BASTION POPULAR|S411 | 1
NUEVA PROSPERINA|J02Ç | 1
FEBRES CORDERO|L509 | 1
FEBRES CORDERO|L501 | 1
FEBRES CORDERO|L500 | 5
GARCIA MORENO|S01 | 4
GARCIA MORENO|S00 | 7
DAULE|B002 | 1
FEBRES CORDERO|K12 | 5
LETAMENDI|H010 | 1
LETAMENDI|L024 | 2
DAULE|R31 | 1
FLORIDA|J03 | 8
FLORIDA|J00 | 3
MUCHO LOTE I|J45 | 1
XIMENA|B01 | 5
XIMENA|B02 | 2
FORTIN|J98 | 1
INMACONSA|S93 | 1
FLORIDA|T00 | 1
BASTION POPULAR|J05 | 1
BASTION POPULAR|J02 | 1
BASTION POPULAR|J03 | 10
FEBRES CORDERO|T189 | 1
9 DE OCTUBRE|N390 | 2
LETAMENDI|S90 | 1
SAMANES|E86 | 1
FLORIDA|I10 | 1
CARBO|J20 | 5
ATARAZANA|J20 | 12
ATARAZANA|J21 | 2
FERROVIARIA|N390 | 3
XIMENA|T242 | 2
URDANETA|W014 | 1
URDESA|J00 | 2
NOT_FOUND|H60 | 13
URDESA|J02 | 3
NOT_FOUND|H62 | 2
NOT_FOUND|H65 | 7
MAPASINGUE|H650 | 1
XIMENA|W57 | 2
OTROS|J029 | 1
URDESA|J969 | 1
VERGELES|L309 | 1
FEBRES CORDERO|J20  | 1
SAUCES|K590 | 1
KENNEDY|H920 | 1
MONTEBELLO|J21 | 1
MAPASINGUE|J209 | 2
MONTEBELLO|J20 | 1
NOT_FOUND|K29 | 19
LETAMENDI|B082 | 1
NOT_FOUND|G403 | 1
NOT_FOUND|K21 | 1
NOT_FOUND|N482 | 1
CHONGON|L50 | 2
CONDOR|L020 | 1
FEBRES CORDERO|J060 | 1
SAUCES|R11 | 7
SAUCES|R10 | 9
GUAYACANES|R509 | 1
CHONGON|H650 | 1
SUCRE|B01 | 1
MUCHO LOTE I|H60 | 2
ALBORADA|B829 | 1
ROCAFUERTE|J20 | 5
FEBRES CORDERO|T09 | 1
FEBRES CORDERO|T07 | 1
XIMENA|H920 | 21
FEBRES CORDERO|T00 | 3
MAPASINGUE|L02 | 1
FEBRES CORDERO|K420 | 1
NOT_FOUND|K296 | 1
NOT_FOUND|K297 | 13
MUCHO LOTE II|J20 | 2
FORTIN|R101 | 1
NOT_FOUND|N390 | 97
NOT_FOUND|K055 | 1
GARCIA MORENO|S611 | 1
LIMONAL|A09 | 5
GARCIA MORENO|J00 | 8
GARCIA MORENO|J02 | 8
GARCIA MORENO|J03 | 23
FORTIN|S00 | 1
JUAN MONTALVO|S500 | 1
SUCRE|K12 | 1
CHONGON|R10 | 1
CHONGON|R11 | 2
FEBRES CORDERO|X409 | 1
NOT_FOUND|R002 | 2
NOT_FOUND|R000 | 1
FLORIDA|Z000 | 1
NUEVA PROSPERINA|K12 | 1
MAPASINGUE|K12 | 1
AYACUCHO|R42 | 1
NOT_FOUND|R509 | 47
KENNEDY|E86 | 2
FERROVIARIA|J020 | 1
FLORIDA|R11 | 6
FLORIDA|R10 | 8
LUIS VERNAZA|R11 | 1
LUIS VERNAZA|R10 | 1
FEBRES CORDERO|S30 | 1
FEBRES CORDERO|S37 | 1
ALBORADA|J18 | 1
SUCRE|J21 | 1
SUCRE|J20 | 10
SAMANES|A09 | 2
PUERTO SANTA ANA|N390 | 1
XIMENA|J340 | 1
XIMENA|J188 | 1
XIMENA|J189 | 2
XIMENA|J180 | 187
NOT_FOUND|F110 | 1
NOT_FOUND|S09 | 1
XIMENA|E86 | 549
NOT_FOUND|S00 | 24
NOT_FOUND|S01 | 41
NOT_FOUND|S05 | 2
NOT_FOUND|S06 | 4
NOT_FOUND|M436 | 1
SAUCES|A09 | 53
SAUCES|A08 | 1
BASTION POPULAR|R11 | 4
BASTION POPULAR|R10 | 2
FLORIDA|S60 | 1
XIMENA|S20 | 3
LOS CEIBOS|J18 | 1
FEBRES CORDERO|T131 | 1
XIMENA|N211 | 1
JUAN MONTALVO|J45 | 2
SERGIO TORAL|J20 | 5
JUAN MONTALVO|J46 | 1
XIMENA|W019 | 1
AYACUCHO|S800 | 1
OLMEDO|J96 | 1
XIMENA|S202 | 1
LAS PEÑAS|K590 | 1
MUCHO LOTE II|H650 | 1
MONTE SINAI|R509 | 1
MUCHO LOTE II|N23 | 1
NOT_FOUND|M544 | 1
NOT_FOUND|M545 | 2
MONTE SINAI|R501 | 1
XIMENA|R19 | 1
LETAMENDI|S710 | 1
XIMENA|R11 | 144
XIMENA|R10 | 200
ROSALES|B01 | 1
ATARAZANA|J98 | 1
SAUCES|E86 | 37
URDANETA|J20 | 42
URDANETA|J21 | 6
NOT_FOUND|S934 | 5
FLORIDA|S521 | 1
XIMENA|S899 | 3
ROCAFUERTE|R10 | 2
LETAMENDI|L238 | 1
LETAMENDI|L239 | 1
CHONGON|N200 | 1
NUEVA PROSPERINA|J039 | 1
ALBORADA|J039 | 1
FLOR DE BASTION|T784 | 2
NOT_FOUND|T543 | 1
CHONGON|J030 | 1
FEBRES CORDERO|L040 | 1
SAN EDUARDO|R10 | 1
SAN EDUARDO|R11 | 1
FEBRES CORDERO|K29 | 4
XIMENA|N433 | 1
LUIS VERNAZA|J03 | 1
DAULE|R590 | 1
LETAMENDI|H92 | 1
ALAMOS|R10 | 1
XIMENA|H105 | 1
CHONGON|J03 | 5
VERGELES|K529 | 1
CHONGON|J00 | 2
SAUCES|I10 | 5
MUCHO LOTE I|A09 | 16
PROSPERINA|J030 | 1
ORQUIDEAS|J45 | 1
MONTE SINAI|J180 | 2
XIMENA|A090 | 1
MUCHO LOTE I|E86 | 8
FEBRES CORDERO|J18 | 21
URDANETA|L02 | 1
URDANETA|L01 | 2
BOLIVARIANA|N390 | 1
ATARAZANA|J18 | 1
XIMENA|T252 | 1
ATARAZANA|N390 | 2
BELLAVISTA|H65 | 1
XIMENA|T784 | 18
BASTION POPULAR|A689 | 1
URDANETA|S015 | 3
URDANETA|S014 | 1
XIMENA|A09 | 1019
XIMENA|A08 | 11
XIMENA|K529 | 11
XIMENA|A05 | 2
FEBRES CORDERO|J304 | 2
SAUCES|K297 | 2
NUEVA PROSPERINA|A689 | 1
SAUCES|K922 | 1
PROSPERINA|L50 | 3
FEBRES CORDERO|A689 | 9
GARCIA MORENO|S099 | 1
GARCIA MORENO|S098 | 1
SAUCES|K29  | 1
CARBO|E86 | 4
URDESA|E86 | 2
LETAMENDI|T232 | 1
MAPASINGUE|R52 | 1
MAPASINGUE|R51 | 1
GARCIA MORENO|T784 | 3
SAUCES|N390 | 2
ROSALES|J45 | 1
OTROS|A09 | 12
JARDINES DEL SALADO|A689 | 1
FEBRES CORDERO|B082 | 6
FEBRES CORDERO|B084 | 4
URDANETA|J029 | 1
FEBRES CORDERO|B088 | 2
PUERTO SANTA ANA|N830 | 1
SALITRE|B002 | 1
FERROVIARIA|S63 | 1
LUIS VERNAZA|N390 | 1
FEBRES CORDERO|S508 | 1
SAUCES|00000} | 1
FLOR DE BASTION|L020 | 1
LA FLORIDA|L040 | 1
FEBRES CORDERO|S500 | 1
GARCIA MORENO|R55 | 1
URDANETA|H920 | 2
SAN EDUARDO|A09 | 10
XIMENA|S617 | 1
FEBRES CORDERO|N39 | 3
URDANETA|H100 | 1
PUERTO SANTA ANA|H664 | 1
MUCHO LOTE I|R074 | 1
SAN EDUARDO|N390 | 2
URDANETA|L130 | 1
OLMEDO|J042 | 1
CIUDAD DEL RIO|R11 | 1
LETAMENDI|N390 | 18
SAN EDUARDO|E86 | 2
XIMENA|L010 | 1
FERROVIARIA|R10 | 5
NOT_FOUND|J390 | 1
BOLIVARIANA|J21 | 1
BOLIVARIANA|J20 | 4
FEBRES CORDERO|M23 | 1
DAULE|J00 | 2
DAULE|J01 | 1
DAULE|J02 | 4
DAULE|J03 | 10
XIMENA|K590 | 35
XIMENA|K591 | 1
LETAMENDI|L08 | 1
LETAMENDI|L01 | 1
LETAMENDI|L02 | 1
LAS PEÑAS|J180 | 1
XIMENA|I10 | 16
AYACUCHO|S61 | 1
SAN FELIPE|R11 | 2
MAPASINGUE|R072 | 1
DAULE|I10 | 2
GARCIA MORENO|N512 | 1
SUCRE|R10 | 3
SUCRE|R11 | 1
NOT_FOUND|R05 | 3
NOT_FOUND|R06 | 1
FEBRES CORDERO|S46 | 1
IETEL|R10 | 2
NAVAL NORTE|J020 | 1
BOLIVARIANA|A689 | 1
MONTE SINAI|A90 | 2
MAPASINGUE|P783 | 1
FEBRES CORDERO|S098 | 2
FEBRES CORDERO|S099 | 1
MAPASINGUE|J45 | 3
FLORIDA|H920 | 1
FERROVIARIA|J46 | 1
XIMENA|H65 | 18
XIMENA|H66 | 4
XIMENA|H67 | 1
XIMENA|H60 | 18
FEBRES CORDERO|S913 | 1
NOT_FOUND|S498 | 1
NOT_FOUND|S499 | 1
LAS PEÑAS|H920 | 1
FEBRES CORDERO|N30 | 4
FORTIN|E86 | 4
GARCIA MORENO|J180 | 6
XIMENA|N47 | 1
NOT_FOUND|X42 | 1
MAPASINGUE|T784 | 1
GARCIA MORENO|N30 | 1
NOT_FOUND|T150 | 1
SAMBORONDON|H660 | 1
LETAMENDI|S913 | 1
LETAMENDI|S911 | 1
AYACUCHO|J21 | 7
AYACUCHO|J20 | 24
AYACUCHO|J22 | 1
XIMENA|J40 | 3
XIMENA|J45 | 127
XIMENA|J46 | 21
NOT_FOUND|J029 | 7
NOT_FOUND|S720 | 1
NOT_FOUND|J020 | 6
GUAYACANES|J180 | 3
FEBRES CORDERO|J46 | 5
FEBRES CORDERO|J45 | 35
MONTE SINAI|H811 | 1
GARCIA MORENO|J450 | 1
FEBRES CORDERO|J40 | 1
XIMENA|M624 | 3
LETAMENDI|S836 | 1
SUCRE|H50 | 1
AYACUCHO|K12 | 1
NOT_FOUND|R529 | 1
XIMENA|S300 | 2
BRISAS DEL NORTE|L50 | 1
GUAYACANES|J050 | 2
MUCHO LOTE I|N390 | 3
FEBRES CORDERO|K30 | 3
LETAMENDI|K297 | 2
DURAN|H605 | 1
FLORIDA|N390 | 6
SERGIO TORAL|S01 | 1
JUAN MONTALVO|J969 | 2
XIMENA|S498 | 1
SAUCES|J45 | 10
LETAMENDI|H920 | 2
ATARAZANA|B002 | 1
NOT_FOUND|X440 | 1
FEBRES CORDERO|L032 | 1
XIMENA|S019 | 6
XIMENA|S018 | 5
GARCIA MORENO|S20 | 1
XIMENA|A880 | 1
XIMENA|S011 | 3
XIMENA|S010 | 1
SAUCES|H650 | 1
XIMENA|S012 | 4
BOLIVAR SAGRARIO|J042 | 1
XIMENA|S014 | 3
METROPOLIS|J20 | 3
SUCRE|H920 | 1
FEBRES CORDERO|R101 | 4
DAULE|R11 | 1
DAULE|R10 | 3
CHONGON|J18 | 1
NOT_FOUND|M23 | 1
DAULE|W54 | 1
NOT_FOUND|E139 | 1
LETAMENDI|J46 | 3
XIMENA|H660 | 3
DAULE|S099 | 1
XIMENA|H664 | 2
XIMENA|H669 | 6
PROSPERINA|J029 | 1
NOT_FOUND|J40 | 3
PUERTO SANTA ANA|S80 | 1
MONTEBELLO|T189 | 1
XIMENA|A080 | 1
KENNEDY|R50 | 1
LETAMENDI|T131 | 1
MAPASINGUE|S008 | 1
ATARAZANA|J01 | 1
ATARAZANA|J02 | 1
ATARAZANA|J03 | 1
XIMENA|S422 | 1
SAN FELIPE|A92 | 1
DAULE|S61 | 1
NOT_FOUND|E14 | 1
FLORIDA|K297 | 1
NOT_FOUND|S010 | 1
NOT_FOUND|S014 | 3
MAPASINGUE|J042 | 1
NOT_FOUND|S018 | 3
NOT_FOUND|S019 | 7
MONTEBELLO|A09 | 1
PASCUALES|J030 | 1
LETAMENDI|R509 | 11
FLORIDA|J120 | 1
LETAMENDI|R500 | 5
LETAMENDI|R501 | 6
MUCHO LOTE I|H44 | 1
PROSPERINA|R509 | 3
FERROVIARIA|J03 | 3
METROPOLIS|S501 | 1
FERROVIARIA|J00 | 2
PROSPERINA|R501 | 1
XIMENA|T130 | 1
FEBRES CORDERO|G438 | 1
XIMENA|T138 | 1
XIMENA|G808 | 1
OLMEDO|A05 | 1
MUCHO LOTE I|K529 | 1
LETAMENDI|H65 | 2
NOT_FOUND|L600 | 1
NUEVA PROSPERINA|J45 | 1
FEBRES CORDERO|R040 | 2
PASCUALES|J459 | 1
DAULE|T784 | 1
CARBO|J00 | 3
CARBO|J02 | 2
CARBO|J03 | 4
OLMEDO|J180 | 1
FEBRES CORDERO|L01 | 1
FEBRES CORDERO|L03 | 1
FEBRES CORDERO|L02 | 1
FEBRES CORDERO|B349 | 1
SAMANES|J00 | 1
XIMENA|L029 | 1
FLOR DE BASTION|J960 | 1
XIMENA|K297 | 17
XIMENA|L024 | 7
XIMENA|L021 | 1
XIMENA|L020 | 4
ORQUIDEAS|R11 | 2
ORQUIDEAS|R10 | 2
OTROS|K590 | 1
SAMBORONDON|J98 | 1
XIMENA|H103 | 6
ATARAZANA|B15 | 1
TARQUI|A689 | 1
BELLAVISTA|S619 | 1
FEBRES CORDERO|T24 | 1
BOLIVAR SAGRARIO|R501 | 1
MAPASINGUE|K30 | 1
DAULE|J18 | 2
MAPASINGUE|R040 | 1
FLORIDA|J209 | 1
NOT_FOUND|D550 | 1
BELLAVISTA|A90 | 2
GARCIA MORENO|K12 | 1
NOT_FOUND|R10 | 164
NOT_FOUND|R11 | 85
FEBRES CORDERO|R56 | 1
NOT_FOUND|R14 | 1
URDANETA|A880 | 2
ORQUIDEAS|A09 | 9
FEBRES CORDERO|S50 | 4
FEBRES CORDERO|S91 | 2
FEBRES CORDERO|H650 | 6
SUCRE|J03 | 5
SUCRE|J02 | 1
SUCRE|J00 | 2
JUAN MONTALVO|H60 | 1
FEBRES CORDERO|H659 | 1
LETAMENDI|M42 | 1
ADACE|A09 | 2
NOT_FOUND|N90 | 1
OLMEDO|K12 | 1
NOT_FOUND|R739 | 1
NOT_FOUND|L50 | 54
NOT_FOUND|L53 | 1
FEBRES CORDERO|N20 | 2
FEBRES CORDERO|N23 | 1
FEBRES CORDERO|T231 | 2
ATARAZANA|R11 | 2
ATARAZANA|R10 | 1
FEBRES CORDERO|N390 | 64
FLORIDA|S01 | 1
FEBRES CORDERO|A059 | 8
GARCIA MORENO|N20 | 1
NOT_FOUND|T141 | 1
BELLAVISTA|S014 | 1
ORQUIDEAS|E86 | 6
LETAMENDI|S900 | 2
XIMENA|N110 | 1
SAUCES|B084 | 1
NOT_FOUND|J039 | 12
FEBRES CORDERO|P229 | 1
NOT_FOUND|J030 | 11
MONTE SINAI|R560 | 1
URDANETA|K590 | 3
AYACUCHO|L509 | 1
BOLIVAR SAGRARIO|N390 | 2
EL PARAISO|J03 | 1
XIMENA|S318 | 1
SAUCES|S610 | 1
LETAMENDI|F419 | 1
XIMENA|S311 | 1
XIMENA|S315 | 1
LETAMENDI|K590 | 4
LAS PEÑAS|A08 | 1
LAS PEÑAS|A09 | 10
FLORIDA|B829 | 1
AYACUCHO|S519 | 1
URDESA|J029 | 1
LAS PEÑAS|R10 | 2
LAS PEÑAS|R11 | 2
CARBO|R10 | 1
MONTE SINAI|J960 | 1
FEBRES CORDERO|C698 | 1
OTROS|J459 | 1
SUCRE|R500 | 1
XIMENA|S943 | 1
FEBRES CORDERO|L028 | 1
FEBRES CORDERO|L024 | 3
FEBRES CORDERO|L020 | 5
FEBRES CORDERO|L022 | 1
FEBRES CORDERO|L023 | 1
LOS CEIBOS|R11 | 1
MUCHO LOTE I|J040 | 1
XIMENA|S003 | 2
MUCHO LOTE I|J042 | 1
NUEVA PROSPERINA|R501 | 1
LETAMENDI|R11 | 15
CHONGON|J20 | 7
CHONGON|J22 | 1
GARCIA MORENO|H103 | 2
ALBORADA|N23 | 1
ORQUIDEAS|J20 | 8
FLOR DE BASTION|P229 | 1
SUCRE|L50 | 2
FEBRES CORDERO|J96 | 20
OTROS|J45 | 3
FEBRES CORDERO|G43 | 1
FEBRES CORDERO|J98 | 5
OTROS|J46 | 1
JUAN MONTALVO|J960 | 1
SAUCES|S099 | 1
FORTIN|J180 | 3
MAPASINGUE|J180 | 6
XIMENA|A059 | 12
XIMENA|A058 | 1
SAMANES|N23 | 1
XIMENA|T232 | 1
NUEVA PROSPERINA|D509 | 1
AYACUCHO|E86 | 26
GARCIA MORENO|H920 | 2
AYACUCHO|N390 | 10
NOT_FOUND|S003 | 4
OTRO|J21 | 1
NOT_FOUND|S005 | 1
NOT_FOUND|S004 | 1
NOT_FOUND|S009 | 1
MUCHO LOTE I|R509 | 1
FORTIN|K12 | 1
XIMENA|L239 | 2
FEBRES CORDERO|S000 | 2
GARCIA MORENO|R529 | 1
OTROS|E86 | 10
LETAMENDI|T211 | 1
FERROVIARIA|J18 | 1
GARCIA MORENO|T252 | 1
FEBRES CORDERO|G442 | 1
SUCRE|S018 | 1
SAN EDUARDO|K219 | 1
GUAYACANES|A09 | 6
MUCHO LOTE II|J02 | 1
SUCRE|E86 | 7
SUCRE|K590 | 1
GARCIA MORENO|R638 | 1
FEBRES CORDERO|R072 | 1
FEBRES CORDERO|R074 | 1
URDESA|H660 | 1
MONTEBELLO|L021 | 1
MUCHO LOTE II|A689 | 1
OLMEDO|R53 | 1
OLMEDO|R51 | 1
NOT_FOUND|J01 | 2
NOT_FOUND|J00 | 87
NOT_FOUND|J03 | 239
NOT_FOUND|J02 | 64
NOT_FOUND|J05 | 5
PUERTO SANTA ANA|R509 | 1
URDANETA|J960 | 2
SAN FELIPE|K529 | 1
LETAMENDI|I20 | 1
XIMENA|S015 | 7
FEBRES CORDERO|B350 | 1
XIMENA|L032 | 7
XIMENA|L031 | 2
XIMENA|L038 | 1
METROPOLIS|J21 | 1
MAPASINGUE|S909 | 1
BASTION POPULAR|J180 | 5
SERGIO TORAL|N390 | 1
ORQUIDEAS|N390 | 2
OTROS|S099 | 2
XIMENA|P599 | 1
SUCRE|J180 | 1
URDANETA|R500 | 1
XIMENA|F41 | 1
BOLIVAR SAGRARIO|R040 | 1
LAS PEÑAS|B01 | 1
URDANETA|R509 | 3
GARCIA MORENO|K29 | 2
LA FLORIDA|E86 | 1
DURAN|J040 | 1
DURAN|J042 | 1
LETAMENDI|A90 | 1
AYACUCHO|N512 | 1
XIMENA|T183 | 1
FEBRES CORDERO|S60 | 2
NOT_FOUND|K802 | 1
DAULE|K12 | 1
PASCUALES|B829 | 1
MAPASINGUE|J22 | 1
FLORIDA|A09 | 32
MAPASINGUE|J20 | 21
MAPASINGUE|J21 | 4
XIMENA|J399 | 1
NOT_FOUND|B01 | 5
FLOR DE BASTION|E86 | 9
NOT_FOUND|M624 | 1
XIMENA|K420 | 1
FERROVIARIA|J180 | 1
SAUCES|J969 | 1
SAMANES|R501 | 1
XIMENA|H00 | 1
NOT_FOUND|L23 | 1
LETAMENDI|J45 | 22
LETAMENDI|N30 | 1
FEBRES CORDERO|T222 | 1
XIMENA|N23 | 19
XIMENA|N20 | 6
OLMEDO|S910 | 1
LOS CEIBOS|J20 | 4
NOT_FOUND|T171 | 1
LETAMENDI|J180 | 32
XIMENA|M542 | 1
XIMENA|M545 | 2
IETEL|S09 | 1
XIMENA|M546 | 1
OLMEDO|J45 | 2
OLMEDO|J46 | 1
NOT_FOUND|B002 | 7
XIMENA|J060 | 1
SAMBORONDON|J45 | 1
AYACUCHO|R101 | 2
URDANETA|A059 | 1
LETAMENDI|B01 | 4
SAMANES|S81 | 1
XIMENA|S810 | 4
XIMENA|S817 | 1
XIMENA|S819 | 1
XIMENA|S818 | 2
JUAN MONTALVO|J98 | 1
JARDINES DEL SALADO|H920 | 1
BOLIVAR SAGRARIO|J45 | 1
XIMENA|R42 | 2
LETAMENDI|H830 | 1
NOT_FOUND|Z001 | 1
LETAMENDI|R072 | 1
LUIS VERNAZA|J20 | 5
XIMENA|N390 | 137
FLORIDA|N482 | 1
NOT_FOUND|R501 | 41
NOT_FOUND|R500 | 8
AYACUCHO|M545. | 1
FEBRES CORDERO|S934 | 3
SAUCES|H10 | 1
FEBRES CORDERO|L303 | 1
XIMENA|E162 | 1
NOT_FOUND|H650 | 5
FEBRES CORDERO|K52 | 5
URDESA|J039 | 1
NOT_FOUND|H659 | 1
LETAMENDI|S619 | 1
NOT_FOUND|A90 | 7
NOT_FOUND|A92 | 2
LETAMENDI|S610 | 2
JARDINES DEL SALADO|J180 | 1
XIMENA|J159 | 2
LETAMENDI|N23 | 1
XIMENA|R560 | 1
ORQUIDEAS|S600 | 1
XIMENA|S96 | 1
FEBRES CORDERO|M549 | 1
NOT_FOUND|S819 | 1
XIMENA|S93 | 2
XIMENA|S90 | 7
XIMENA|S91 | 3
METROPOLIS|J00 | 1
URDANETA|K80 | 1
NOT_FOUND|S810 | 4
XIMENA|N200 | 2
XIMENA|S619 | 2
LETAMENDI|R05 | 1
NOT_FOUND|B26 | 1
XIMENA|S611 | 3
XIMENA|S610 | 5
NOT_FOUND|I95 | 3
FEBRES CORDERO|T784 | 5
FEBRES CORDERO|N946 | 1
GUAYACANES|J21 | 1
GUAYACANES|J20 | 9
BOLIVARIANA|N200 | 1
CHONGON|M54 | 1
FLOR DE BASTION|J96 | 2
FLORIDA|J039 | 1
SAN FELIPE|J21 | 1
GUAYACANES|E86 | 8
FLORIDA|J030 | 1
MUCHO LOTE I|L023 | 1
FEBRES CORDERO|A90 | 6
NUEVA PROSPERINA|J209 | 1
MUCHO LOTE I|J18 | 1
SAN FELIPE|J00 | 1
SAN FELIPE|J03 | 1
SAN FELIPE|J02 | 2
DAULE|S01 | 2
DAULE|S00 | 3
ALAMOS|E86 | 1
AYACUCHO|J05 | 1
NOT_FOUND|L028 | 1
SALITRE|H920 | 1
NOT_FOUND|L024 | 3
NOT_FOUND|L022 | 1
NOT_FOUND|L023 | 2
NOT_FOUND|L020 | 8
LETAMENDI|A09+ | 1
LETAMENDI|J020 | 1
FLOR DE BASTION|A08 | 1
FLOR DE BASTION|A09 | 22
CHONGON|S019 | 1
FEBRES CORDERO|R074  | 1
FERROVIARIA|J21 | 1
FERROVIARIA|J20 | 5
CARBO|K12 | 1
ATARAZANA|K12 | 1
PASCUALES|T784 | 1
SAMANES|R55 | 1
SAMANES|R53 | 1
HUANCAVILCA NORTE|S00 | 1
MUCHO LOTE I|J969 | 1
PROSPERINA|S01 | 1
OTROS|R10 | 3
SAUCES|R51 | 1
LETAMENDI|G249 | 1
FERROVIARIA|K291 | 1
SUCRE|R509 | 1
NUEVA PROSPERINA|J20 | 5
NUEVA PROSPERINA|J21 | 1
FEBRES CORDERO|K590 | 12
LETAMENDI|T111 | 1
PASCUALES|I88 | 1
ATARAZANA|T784 | 1
FEBRES CORDERO|R060 | 1
JARDINES DEL SALADO|H669 | 1
ORQUIDEAS|S00 | 1
ORQUIDEAS|S06 | 1
JARDINES DEL SALADO|H660 | 1
NOT_FOUND|J18 | 28
FEBRES CORDERO|L27 | 1
FEBRES CORDERO|L23 | 3
FEBRES CORDERO|W54 | 1
FEBRES CORDERO|B360 | 1
XIMENA|L042 | 1
XIMENA|L040 | 1
FEBRES CORDERO|S420 | 1
OTROS|R11 | 1
BRISAS DEL RIO|J02 | 1
CIUDAD DEL RIO|J03 | 3
PUERTO SANTA ANA|A09 | 6
OTROS|A08 | 1
JUAN MONTALVO|N390 | 3
LETAMENDI|L50 | 10
XIMENA|K250 | 1
SAUCES|J042 | 1
BOLIVAR SAGRARIO|R072 | 1
NOT_FOUND|V299 | 1
ROCAFUERTE|L020 | 1
NOT_FOUND|S015 | 6
SALITRE|L50 | 1
GARCIA MORENO|S518  | 1